[
  {
    "Sku": "0799",
    "Variable": "CN-Y-7-201",
    "AutocontrolId": "21a61c33-3f56-8bf4-da00-44f3ff63c632",
    "PeriodStart": "2025-01-01T00:00:00",
    "PeriodEnd": "2025-09-29T00:00:00",
    "N": 275,
    "Mean": 617.6182181818182,
    "Sigma": 350.7890462548128,
    "LslCurrent": 585,
    "UslCurrent": 615,
    "CpkCurrent": -0.00248793228653279,
    "LslSuggested": -855.6957760883953,
    "UslSuggested": 2090.9322124520318,
    "Eligible": false
  },
  {
    "Sku": "0799",
    "Variable": "TR-X-7-203",
    "AutocontrolId": "c0d2fdc4-3792-b728-6744-334eaa95bf00",
    "PeriodStart": "2025-01-01T00:00:00",
    "PeriodEnd": "2025-09-29T00:00:00",
    "N": 306,
    "Mean": 301.16339869281046,
    "Sigma": 25.65098854486992,
    "LslCurrent": 240,
    "UslCurrent": 350,
    "CpkCurrent": 0.6346292297437485,
    "LslSuggested": 193.4292468043568,
    "UslSuggested": 408.8975505812641,
    "Eligible": false
  },
  {
    "Sku": "0799",
    "Variable": "TR-Y-7-201",
    "AutocontrolId": "65bcc3ff-d57f-eb9b-cd75-a5929aa415d4",
    "PeriodStart": "2025-01-01T00:00:00",
    "PeriodEnd": "2025-09-29T00:00:00",
    "N": 300,
    "Mean": 11.156066666666662,
    "Sigma": 2.110364103906974,
    "LslCurrent": 5,
    "UslCurrent": 17,
    "CpkCurrent": 0.9230529339327919,
    "LslSuggested": 2.292537430257374,
    "UslSuggested": 20.019595903075952,
    "Eligible": false
  },
  {
    "Sku": "0802",
    "Variable": "TR-Y-7-301",
    "AutocontrolId": "0be787a0-df18-637d-0958-fa6deea5dd60",
    "PeriodStart": "2025-01-01T00:00:00",
    "PeriodEnd": "2025-09-29T00:00:00",
    "N": 120,
    "Mean": 12.166666666666666,
    "Sigma": 1.5948095080437596,
    "LslCurrent": 5,
    "UslCurrent": 17,
    "CpkCurrent": 1.010221661574709,
    "LslSuggested": 5.468466732882876,
    "UslSuggested": 18.864866600450455,
    "Eligible": false
  },
  {
    "Sku": "2577",
    "Variable": "TR-Y-7-401",
    "AutocontrolId": "5513eb77-dc7f-7714-1e3d-36eb8b506565",
    "PeriodStart": "2025-01-01T00:00:00",
    "PeriodEnd": "2025-09-29T00:00:00",
    "N": 160,
    "Mean": 11.055125,
    "Sigma": 1.4785540222985911,
    "LslCurrent": 5,
    "UslCurrent": 17,
    "CpkCurrent": 1.3402452464464736,
    "LslSuggested": 4.845198106345919,
    "UslSuggested": 17.265051893654082,
    "Eligible": true
  }
]